run_id,timestamp,users,status,error
1,2026-09-08T00:09:44.202529,30,completed,
2,2026-09-08T00:09:44.263735,30,completed,
3,2026-09-08T00:09:44.326110,30,completed,
4,2026-09-08T00:09:44.397122,30,completed,
5,2026-09-08T00:09:44.471542,30,completed,
6,2026-09-08T00:09:44.539463,30,completed,
7,2026-09-08T00:09:44.601802,30,completed,
8,2026-09-08T00:09:44.681706,30,completed,
9,2026-09-08T00:09:44.761456,30,completed,
10,2026-09-08T00:09:44.830674,30,completed,
11,2026-09-08T00:09:44.899271,100,completed,
12,2026-09-08T00:09:45.157308,100,completed,
13,2026-09-08T00:09:45.364628,100,completed,
14,2026-09-08T00:09:45.562857,100,completed,
15,2026-09-08T00:09:45.789641,100,completed,
16,2026-09-08T00:09:45.987728,100,completed,
17,2026-09-08T00:09:46.176128,100,completed,
18,2026-09-08T00:09:46.369087,100,completed,
19,2026-09-08T00:09:46.576089,100,completed,
20,2026-09-08T00:09:46.787703,100,completed,
21,2026-09-08T00:09:46.971887,1000,completed,
22,2026-09-08T00:09:48.730494,1000,completed,
23,2026-09-08T00:09:50.238657,1000,completed,
24,2026-09-08T00:09:51.903537,1000,completed,
25,2026-09-08T00:09:53.454984,1000,completed,
26,2026-09-08T00:09:55.312451,1000,completed,
27,2026-09-08T00:09:57.143609,1000,completed,
28,2026-09-08T00:09:58.917137,1000,completed,
29,2026-09-08T00:10:00.869656,1000,completed,
30,2026-09-08T00:10:02.445596,1000,completed,
